{"cameraMode":{"drawMode":0,"name":"Shaded","section":"Shading Mode"},"sceneLighting":true,"audioPlay":false,"sceneViewState":{"showFog":true,"showMaterialUpdate":true,"showSkybox":true,"showFlares":true,"showImageEffects":true,"showParticleSystems":true},"in2DMode":false,"pivot":{"x":-5.551802158355713,"y":-12.085949897766114,"z":34.73863983154297},"rotation":{"x":0.22074687480926515,"y":-0.08764303475618363,"z":0.019921034574508668,"w":0.9711809754371643},"size":62.95671844482422,"orthographic":false}