{"cameraMode":{"drawMode":0,"name":"Shaded","section":"Shading Mode"},"sceneLighting":false,"audioPlay":false,"sceneViewState":{"showFog":true,"showMaterialUpdate":false,"showSkybox":true,"showFlares":true,"showImageEffects":true,"showParticleSystems":true},"in2DMode":false,"pivot":{"x":-1.2931702136993409,"y":-1.6285195350646973,"z":-4.258398056030273},"rotation":{"x":-0.1257532238960266,"y":-0.05889684334397316,"z":0.0074563175439834599,"w":-0.9902841448783875},"size":4.950000286102295,"orthographic":false}